gutenberg_id,selection_numbers,filename,title,author,language,original_language,bytes,characters,lines,sha256,india_relevance,perspective,author_origin,domain,quality,boilerplate_status,duplicate_status,recommendation,estimated_tokens,reason
10071,[57],10071_ByWays_of_Bombay.txt,By-Ways of Bombay,"Edwardes, S. M. (Stephen Meredyth), 1873-1927",English,UNKNOWN,196922,196815,3336,9949b0e43edfade4f8b8ec651868e011c4b811b55a9bdb2f48fbd762ffab21c2,MEDIUM,E,UNKNOWN,UNCERTAIN,MEDIUM,OK,LEGITIMATE,KEEP,49203,Moderate India relevance identified.
10347,[58],10347_Free_from_School.txt,Free from School,"Alvares, Rahul",English,UNKNOWN,215272,215164,3913,c0f5f437774d8a3ec5dbfb6228014fbad94f00279826663c400a645d32d6f20e,LOW,E,UNKNOWN,UNCERTAIN,MEDIUM,OK,LEGITIMATE,REVIEW,53791,Passing reference to India found.
10366,[12],10366_Freedoms_BattleBeing_a_Comprehensive_Collection_of_Writings_and_Speeches_on_the_Present_Situation.txt,"Freedom's Battle
Being a Comprehensive Collection of Writings and Speeches on the Present Situation","Gandhi, Mahatma, 1869-1948",English,UNKNOWN,478305,478201,8078,abf94075995dfe3c22792b5de72285433037436eebf68665dc3a6416f8118b84,MEDIUM,E,UNKNOWN,UNCERTAIN,MEDIUM,OK,LEGITIMATE,KEEP,119550,Moderate India relevance identified.
10946,[59],10946_Three_Frenchmen_in_BengalThe_Commercial_Ruin_of_the_French_Settlements_in_1757.txt,"Three Frenchmen in Bengal
The Commercial Ruin of the French Settlements in 1757","Hill, Samuel Charles, 1857-1926",English,UNKNOWN,316183,316047,6308,ef5a2bb78dd9ebf6d9244a263162d20ad5d08d5a9dbeb93ce412dd51d1f9db1f,MEDIUM,E,UNKNOWN,UNCERTAIN,MEDIUM,OK,LEGITIMATE,KEEP,79011,Moderate India relevance identified.
10999,[13],10999_Tales_of_Bengal.txt,Tales of Bengal,"Banerjea, S. B.; Skrine, Francis Henry, 1847-1933 [Editor]",English,UNKNOWN,286050,285371,5196,430882175e7bd8dfb344ce4eaa8f1ff341aa566ded55ba7425c987f6c6d091f0,MEDIUM,E,UNKNOWN,UNCERTAIN,MEDIUM,OK,LEGITIMATE,KEEP,71342,Moderate India relevance identified.
11167,[60],11167_Deccan_Nursery_Tales_or_Fairy_Tales_from_the_South.txt,"Deccan Nursery Tales; or, Fairy Tales from the South","Kincaid, C. A. (Charles Augustus), 1870-1954; Dhurandhar, M. V. (Mahadev Visvanath), 1867-1944 [Illustrator]",English,UNKNOWN,165382,165257,2792,7db4531d7923836876e57adb2f173d803f175a6be7d57dec30a868a4cd818810,LOW,E,UNKNOWN,UNCERTAIN,MEDIUM,OK,LEGITIMATE,REVIEW,41314,Passing reference to India found.
11310,[14],11310_Hindu_Tales_from_the_Sanskrit.txt,Hindu Tales from the Sanskrit,"D'Anvers, N., 1844-1933 [Editor]; Mitra, Siddha Mohana, 1856-1925 [Translator]",English,UNKNOWN,251719,249659,4812,3fa083505719904e15c6d6dfd16330598b2f1526fc8c9cad7e40558fc077d2d1,MEDIUM,E,UNKNOWN,UNCERTAIN,MEDIUM,OK,LEGITIMATE,KEEP,62414,Moderate India relevance identified.
11399,[61],11399_The_Pirates_of_Malabar_and_an_Englishwoman_in_India_Two_Hundred_Years_Ago.txt,"The Pirates of Malabar, and an Englishwoman in India Two Hundred Years Ago","Biddulph, J. (John), 1840-1921",English,UNKNOWN,444671,444516,7764,a45245037e50d05cf79f75054c6da182e3a863e455327732f6d1b595e1fd42df,LOW,E,UNKNOWN,UNCERTAIN,MEDIUM,OK,LEGITIMATE,REVIEW,111129,Passing reference to India found.
11738,[15],11738_Hindoo_Tales_Or_the_Adventures_of_Ten_Princes.txt,"Hindoo Tales; Or, the Adventures of Ten Princes","Dandin, active 7th century; Jacob, Philip Whittington, 1805-1889 [Translator]",English,UNKNOWN,319866,319298,6137,7fbf558599468e0a5c8a5fdc7fc90e927af7e08f37991be7eca10f6769d351c6,LOW,E,UNKNOWN,UNCERTAIN,MEDIUM,OK,LEGITIMATE,REVIEW,79824,Passing reference to India found.
11897,[16],11897_On_the_Indian_Sect_of_the_Jainas.txt,On the Indian Sect of the Jainas,"Bühler, Georg, 1837-1898; Burgess, James, 1832-1916 [Editor]",English,UNKNOWN,145304,141679,2550,5760100492dc233f80a276d39196ddff17711d8e653399bbe50b62773e45482d,MEDIUM,E,UNKNOWN,UNCERTAIN,MEDIUM,OK,LEGITIMATE,KEEP,35419,Moderate India relevance identified.
11924,[17],11924_The_Loves_of_Krishna_in_Indian_Painting_and_Poetry.txt,The Loves of Krishna in Indian Painting and Poetry,"Archer, W. G. (William George), 1907-1979",English,UNKNOWN,358485,358378,6811,9c9b3e134e4b43f9d3fb5c957366324f2344965ba381a456ad5c3315e61b9d59,HIGH,E,UNKNOWN,UNCERTAIN,MEDIUM,OK,LEGITIMATE,KEEP,89594,Strong India relevance verified with 7 keyword matches.
12169,[18],12169_Sakoontala_Or_The_Lost_Ring_An_Indian_Drama.txt,"Sakoontala; Or, The Lost Ring: An Indian Drama","Kālidāsa; Monier-Williams, Monier, Sir, 1819-1899 [Translator]",English,UNKNOWN,334197,332627,9601,c981c06dc98f4753937345baaff1d1a6a907a4ba8b5320f68799448e30d83f81,HIGH,E,UNKNOWN,UNCERTAIN,MEDIUM,OK,LEGITIMATE,KEEP,83156,Strong India relevance verified with 7 keyword matches.
12286,[62],12286_Flowers_and_FlowerGardensWith_an_Appendix_of_Practical_Instructions_and_Useful_Information_Respectin.txt,"Flowers and Flower-Gardens
With an Appendix of Practical Instructions and Useful Information Respecting the Anglo-Indian Flower-Garden","Richardson, David Lester, 1801-1865",English,UNKNOWN,646874,646770,12847,c3a2a1b7695d5bd79a34e9554cfc8220435529e8b867af19b4c005a749c39cf1,MEDIUM,E,UNKNOWN,UNCERTAIN,MEDIUM,OK,LEGITIMATE,KEEP,161692,Moderate India relevance identified.
12617,[63],12617_Recollections_of_Calcutta_for_over_Half_a_Century.txt,Recollections of Calcutta for over Half a Century,"Massey, Montague",English,UNKNOWN,191147,191018,3637,83f61fac996c3bd21c44e7ba6d750fed919a7ffec8dc994d03567cd590d5edf8,MEDIUM,E,UNKNOWN,UNCERTAIN,MEDIUM,OK,LEGITIMATE,KEEP,47754,Moderate India relevance identified.
12956,[19],12956_A_History_of_Indian_Philosophy_Volume_1.txt,"A History of Indian Philosophy, Volume 1","Dasgupta, Surendranath, 1885-1952",English,UNKNOWN,1378893,1366961,24877,dab6389ae58141c80f42500638b11ae94379c4750e2d48b660f4d042bc35922c,MEDIUM,E,UNKNOWN,UNCERTAIN,MEDIUM,OK,LEGITIMATE,KEEP,341740,Moderate India relevance identified.
12959,[64],12959_Newton_Forster.txt,Newton Forster,"Marryat, Frederick, 1792-1848",English,UNKNOWN,805074,804847,15477,92ea91e228f31d8989dfe77a2584645cef3af3e8010e45b69a6adb99679c79d2,NONE,E,UNKNOWN,UNCERTAIN,MEDIUM,OK,LEGITIMATE,REJECT,201211,No substantive India-related content detected in sample.
13539,[20],13539_Dr_Scudders_Tales_for_Little_Readers_About_the_Heathen.txt,"Dr. Scudder's Tales for Little Readers, About the Heathen.","Scudder, John, 1793-1855",English,UNKNOWN,231161,231054,4107,3fa2a74b83e6d97f73c2ea03a190c09ecabae0e3870aa99340ba27bb8ad83610,LOW,E,UNKNOWN,UNCERTAIN,MEDIUM,OK,LEGITIMATE,REVIEW,57763,Passing reference to India found.
1470,[1],1470_The_Fall_of_the_Moghul_Empire_of_Hindustan.txt,The Fall of the Moghul Empire of Hindustan,"Keene, H. G. (Henry George), 1825-1915",English,UNKNOWN,505604,504998,9323,83f8a9be11aa1f0966865110e1a3cdd5b934ecfc174e2bc84d8b5148a3a920f0,MEDIUM,E,UNKNOWN,UNCERTAIN,MEDIUM,OK,LEGITIMATE,KEEP,126249,Moderate India relevance identified.
17183,[65],17183_AtmA_Romance.txt,"Atmâ
A Romance","Frazer, C. A. (Caroline Augusta)",English,UNKNOWN,166131,165871,3419,49498e73d49763c46a3497dc3b9273e0d7ee62a0c7775c784b044bdbbed36c7c,NONE,E,UNKNOWN,UNCERTAIN,MEDIUM,OK,LEGITIMATE,REJECT,41467,No substantive India-related content detected in sample.
17455,[66],17455_The_Poison_Tree_A_Tale_of_Hindu_Life_in_Bengal.txt,The Poison Tree: A Tale of Hindu Life in Bengal,"Cattopadhyaya, Bankimacandra, 1838-1894; Knight, Miriam S. [Translator]",English,UNKNOWN,293947,293836,6303,a2341c5a3967c55af6e42c8c81745ba9712d83a8df690f1c0fe52602c30a6166,MEDIUM,E,UNKNOWN,UNCERTAIN,MEDIUM,OK,LEGITIMATE,KEEP,73459,Moderate India relevance identified.
20479,[21],20479_Le_Rmyana__tome_premierPome_sanscrit_de_Valmiky.txt,"Le Râmâyana - tome premier
Poème sanscrit de Valmiky","Valmiki; Fauche, Hippolyte, 1797-1869 [Translator]",English,UNKNOWN,686911,663556,12336,cbb1eff23df25d94747c2a00260a7278372d26b22369f07f716c6a5ab0bfcf6b,NONE,E,UNKNOWN,UNCERTAIN,MEDIUM,OK,LEGITIMATE,REJECT,165889,No substantive India-related content detected in sample.
2056,[53],2056_The_Life_of_William_Carey_Shoemaker__Missionary.txt,"The Life of William Carey, Shoemaker & Missionary","Smith, George, 1833-1919",English,UNKNOWN,869588,869333,14015,eadaf0884dcc6330a9fad43272ee478c76222776674b7fc6f2950c818d5e4466,MEDIUM,E,UNKNOWN,UNCERTAIN,MEDIUM,OK,LEGITIMATE,KEEP,217333,Moderate India relevance identified.
20583,[67],20583_The_Tribes_and_Castes_of_the_Central_Provinces_of_India_Volume_1.txt,"The Tribes and Castes of the Central Provinces of India, Volume 1","Russell, R. V. (Robert Vane), 1873-1915",English,UNKNOWN,1144007,1143861,22839,3b29b7e6955a02196ba4ab2a461979da3d94207bfa9a01b58ae017720521499c,HIGH,E,UNKNOWN,UNCERTAIN,MEDIUM,OK,LEGITIMATE,KEEP,285965,Strong India relevance verified with 8 keyword matches.
20640,[22],20640_Le_Rmyana__tome_secondPome_sanscrit_de_Valmiky.txt,"Le Râmâyana - tome second
Poème sanscrit de Valmiky","Valmiki; Fauche, Hippolyte, 1797-1869 [Translator]",English,UNKNOWN,611975,592714,10910,ed4a01eccb6cbcd656ccaa459fbf43faf73dbbd60b9ff691f723a1724604a008,NONE,E,UNKNOWN,UNCERTAIN,MEDIUM,OK,LEGITIMATE,REJECT,148178,No substantive India-related content detected in sample.
20668,"[70, 97]",20668_The_Tribes_and_Castes_of_the_Central_Provinces_of_India_Volume_4.txt,"The Tribes and Castes of the Central Provinces of India, Volume 4","Russell, R. V. (Robert Vane), 1873-1915",English,UNKNOWN,1402522,1402393,25573,0a2429638a2e6397bb78332efce8fa79a879a7ffd96f9eda7607ec4d162f56db,MEDIUM,E,UNKNOWN,UNCERTAIN,MEDIUM,OK,DUPLICATE_MAPPED_70_97,KEEP,350598,Moderate India relevance identified.
20847,[23],20847_India_What_can_it_teach_usA_Course_of_Lectures_Delivered_before_the_University_Of_Cambridge.txt,"India: What can it teach us?
A Course of Lectures Delivered before the University Of Cambridge","Müller, F. Max (Friedrich Max), 1823-1900; Wilder, Alexander, 1823-1908 [Commentator]",English,UNKNOWN,550070,549965,11031,47f77e7b5285d399ce063bc13e3d03e425fcd816eadfbce3515fc377aa36edc4,MEDIUM,E,UNKNOWN,UNCERTAIN,MEDIUM,OK,LEGITIMATE,KEEP,137491,Moderate India relevance identified.
2124,[2],2124_A_Record_of_Buddhistic_KingdomsBeing_an_account_by_the_Chinese_monk_Fahsien_of_travels_in_India_and_.txt,"A Record of Buddhistic Kingdoms
Being an account by the Chinese monk Fa-hsien of travels in India and Ceylon (A.D. 399-414) in search of the Buddhist books of discipline","Faxian, 337?-422?; Legge, James, 1815-1897 [Translator]",English,UNKNOWN,315934,311855,5828,6cd2afe97685a22ce00c5245dde67d6ffee547290009bdf17b2bc0f522d1e235,MEDIUM,E,UNKNOWN,UNCERTAIN,MEDIUM,OK,LEGITIMATE,KEEP,77963,Moderate India relevance identified.
22010,[68],22010_The_Tribes_and_Castes_of_the_Central_Provinces_of_India_Volume_2.txt,"The Tribes and Castes of the Central Provinces of India, Volume 2","Russell, R. V. (Robert Vane), 1873-1915",English,UNKNOWN,1238790,1238667,22890,75f8b32599655c22944a42fb5818e0bb727b9246e4ac5a709e1ea0058e5df6f7,MEDIUM,E,UNKNOWN,UNCERTAIN,MEDIUM,OK,LEGITIMATE,KEEP,309666,Moderate India relevance identified.
22473,[71],22473_Onder_de_wilde_stammen_op_de_grenzen_van_AfghanistanDe_Aarde_en_haar_Volken_1917.txt,"Onder de wilde stammen op de grenzen van Afghanistan
De Aarde en haar Volken, 1917","Pennell, T. L. (Theodore Leighton), 1867-1912",English,UNKNOWN,194843,194538,3265,6843b16f31315b242dd6531a1d1dadc1149a8502d2881c9e4f83cd3a106053c4,NONE,E,UNKNOWN,UNCERTAIN,MEDIUM,OK,LEGITIMATE,REJECT,48634,No substantive India-related content detected in sample.
23123,[72],23123_Old_Daniel.txt,Old Daniel,"Hodson, Thomas",English,UNKNOWN,116776,116672,2005,64b24b0c0b3e2f3f6f3d6fbcd8672db6f864d72d3bd3c0966da4302ab635aacd,LOW,E,UNKNOWN,UNCERTAIN,MEDIUM,OK,LEGITIMATE,REVIEW,29168,Passing reference to India found.
2388,[3],2388_The_Song_Celestial_Or_BhagavadGt_from_the_MahbhrataBeing_a_discourse_between_Arjuna_Prince_of_India_.txt,"The Song Celestial; Or, Bhagavad-Gîtâ (from the Mahâbhârata)
Being a discourse between Arjuna, Prince of India, and the Supreme Being under the form of Krishna","Arnold, Edwin, Sir, 1832-1904 [Translator]",English,UNKNOWN,147501,147381,3689,85b22401a9d256179f9a2e407215eb516da9b8213f23c32e03d66709d839a9e0,HIGH,E,UNKNOWN,UNCERTAIN,MEDIUM,OK,LEGITIMATE,KEEP,36845,Strong India relevance verified with 6 keyword matches.
24416,[73],24416_Life_and_Work_in_Benares_and_Kumaon_18391877.txt,"Life and Work in Benares and Kumaon, 1839-1877","Kennedy, James, 1815-1899",English,UNKNOWN,679065,678934,11347,1c7e13e1ab569acfe76527a3490e9812721f2bf27f25695f6047fae08fcfd319,MEDIUM,E,UNKNOWN,UNCERTAIN,MEDIUM,OK,LEGITIMATE,KEEP,169733,Moderate India relevance identified.
24461,[24],24461_Third_class_in_Indian_railways.txt,Third class in Indian railways,"Gandhi, Mahatma, 1869-1948",English,UNKNOWN,74428,74324,1315,eb3a86dead887c3d1f501c847eedb23943ca6f19800f956408713d5f7af90bbb,MEDIUM,E,UNKNOWN,UNCERTAIN,MEDIUM,OK,LEGITIMATE,KEEP,18581,Moderate India relevance identified.
24562,[74],24562_The_Panjab_NorthWest_Frontier_Province_and_Kashmir.txt,"The Panjab, North-West Frontier Province, and Kashmir","Douie, James McCrone, Sir, 1854-1935",English,UNKNOWN,564054,558044,11062,d48625966e21acf3142220623d74c7a7dbaed4a7878366a5e6299e9bc70864e0,MEDIUM,E,UNKNOWN,UNCERTAIN,MEDIUM,OK,LEGITIMATE,KEEP,139511,Moderate India relevance identified.
24869,[25],24869_The_Rmyan_of_Vlmki_translated_into_English_verse.txt,"The Rámáyan of Válmíki, translated into English verse","Valmiki; Griffith, Ralph T. H. (Ralph Thomas Hotchkin), 1826-1906 [Translator]",English,UNKNOWN,2395956,2351559,67834,4310b710a9c6942490bf8270a8a6620f314dcc2adf7b413833596ca9aaebca6f,NONE,E,UNKNOWN,UNCERTAIN,MEDIUM,OK,LEGITIMATE,REJECT,587889,No substantive India-related content detected in sample.
2499,[4],2499_Siddhartha_eine_indische_Dichtung.txt,Siddhartha: eine indische Dichtung,"Hesse, Hermann, 1877-1962",English,UNKNOWN,240238,237225,4357,4abd9cdc1e98e880229eab7a4b565e8867b0438b007117780078626e8a200102,MEDIUM,E,UNKNOWN,UNCERTAIN,MEDIUM,OK,LEGITIMATE,KEEP,59306,Moderate India relevance identified.
2500,[5],2500_Siddhartha.txt,Siddhartha,"Hesse, Hermann, 1877-1962",English,UNKNOWN,242505,239817,4351,345b21d95cb61c0756d482230ae4cb8c1858a0cef1835e1ba89d18cd471343a3,MEDIUM,E,UNKNOWN,UNCERTAIN,MEDIUM,OK,LEGITIMATE,KEEP,59954,Moderate India relevance identified.
2518,[6],2518_The_Hungry_Stones_and_Other_Stories.txt,"The Hungry Stones, and Other Stories","Tagore, Rabindranath, 1861-1941",English,UNKNOWN,288301,288197,5657,b998f1c836608d9c524da499f05b0e699103f8a9d28cceb3c57b0c4211340b10,MEDIUM,E,UNKNOWN,UNCERTAIN,MEDIUM,OK,LEGITIMATE,KEEP,72049,Moderate India relevance identified.
26621,[75],26621_The_Story_of_Madras.txt,The Story of Madras,"Barlow, Glyn",English,UNKNOWN,213697,213593,4116,c8d42e460a92bc3260613424b0e734b8b6a8b8dddce84f8f6e2c52112d7e4205,MEDIUM,E,UNKNOWN,UNCERTAIN,MEDIUM,OK,LEGITIMATE,KEEP,53398,Moderate India relevance identified.
26781,[76],26781_Letters_on_the_Nicobar_islands_their_natural_productions_and_the_manners_customs_and_superstitions_o.txt,"Letters on the Nicobar islands, their natural productions, and the manners, customs, and superstitions of the natives
with an account of an attempt made by the Church of the
United Brethren, to convert them to Christianity","Haensel, Johann Gottfried; Latrobe, Christian Ignatius, 1758-1836 [Editor]",English,UNKNOWN,112919,112815,1971,dd2316d42d8d4573928f932a1840d2334037e67779bffd1846206bfe2693392f,LOW,E,UNKNOWN,UNCERTAIN,MEDIUM,OK,LEGITIMATE,REVIEW,28203,Passing reference to India found.
27270,[26],27270_Indias_Problem_Krishna_or_Christ.txt,"India's Problem, Krishna or Christ","Jones, John P. (John Peter), 1847-1916",English,UNKNOWN,603216,601086,10708,94eb3830f508e6006d1ece30626fa3d47246382fd65dc896190b3fb8463f8079,HIGH,E,UNKNOWN,UNCERTAIN,MEDIUM,OK,LEGITIMATE,KEEP,150271,Strong India relevance verified with 6 keyword matches.
28117,[77],28117_India_Its_Life_and_Thought.txt,"India, Its Life and Thought","Jones, John P. (John Peter), 1847-1916",English,UNKNOWN,547157,547053,10467,be1da72d438a4d783008c69dedfe75b132aa5abf563da2a43b471de07595f4b7,HIGH,E,UNKNOWN,UNCERTAIN,MEDIUM,OK,LEGITIMATE,KEEP,136763,Strong India relevance verified with 8 keyword matches.
29426,[78],29426_Things_as_they_are.txt,Things as they are,"Carmichael, Amy, 1867-1951",English,UNKNOWN,518174,518053,9346,09b55fe9fcf737c41cfa87e41ab38d4ee3ba312a633f2b4faf7c3c2d14bbd842,MEDIUM,E,UNKNOWN,UNCERTAIN,MEDIUM,OK,LEGITIMATE,KEEP,129513,Moderate India relevance identified.
29427,[79],29427_Lotus_Buds.txt,Lotus Buds,"Carmichael, Amy, 1867-1951",English,UNKNOWN,476914,476682,8381,c24d2ebe7cefcce06993264b865b9f12905bbc0150e8c8fc1f3a0ad54ea2a905,LOW,E,UNKNOWN,UNCERTAIN,MEDIUM,OK,LEGITIMATE,REVIEW,119170,Passing reference to India found.
32231,[80],32231_Among_the_Wild_Tribes_of_the_Afghan_FrontierA_Record_of_Sixteen_Years_Close_Intercourse_with_the_Nat.txt,"Among the Wild Tribes of the Afghan Frontier
A Record of Sixteen Years' Close Intercourse with the Natives of the Indian Marches","Pennell, T. L. (Theodore Leighton), 1867-1912",English,UNKNOWN,607777,607482,10567,e4e0822908a3a31e36dca16fcd97ec23eac1c74331ba502c61f4910aa71137ab,LOW,E,UNKNOWN,UNCERTAIN,MEDIUM,OK,LEGITIMATE,REVIEW,151870,Passing reference to India found.
3310,[7],3310_A_Forgotten_Empire_Vijayanagar_A_Contribution_to_the_History_of_India.txt,A Forgotten Empire (Vijayanagar): A Contribution to the History of India,"Sewell, Robert, 1845-1925; Nunes, Fernão, active 16th century; Paes, Domingos, active 16th century",English,UNKNOWN,820054,819948,14579,0204690aff103f15b4892ad349ae0c9f4a06a0b7c657f0c2a697b10158951b7f,MEDIUM,E,UNKNOWN,UNCERTAIN,MEDIUM,OK,LEGITIMATE,KEEP,204987,Moderate India relevance identified.
33525,[27],33525_Stories_from_Tagore.txt,Stories from Tagore,"Tagore, Rabindranath, 1861-1941",English,UNKNOWN,298445,298317,6056,d0771a5490e4b54131714c4792b04800c299c747799edcf80f0d55698c4d9400,MEDIUM,E,UNKNOWN,UNCERTAIN,MEDIUM,OK,LEGITIMATE,KEEP,74579,Moderate India relevance identified.
33536,[81],33536_A_report_of_Major_Harts_case_of_ricefrauds_near_Seringapatam.txt,"A report of Major Hart's case, of rice-frauds, near Seringapatam","Inglis, W. H.",English,UNKNOWN,48295,48191,904,540ff7559121e8a2b3b21b7919b653b7fd4938560b3f3196e58d3fe21aaad875,LOW,E,UNKNOWN,UNCERTAIN,MEDIUM,OK,LEGITIMATE,REVIEW,12047,Passing reference to India found.
34322,[28],34322_The_Moghul.txt,The Moghul,"Hoover, Thomas, 1941-",English,UNKNOWN,1308198,1308094,26931,2af72b2013d14891674f40b0b1af18077beea508110cba0ec53cd0f6febbc636,MEDIUM,E,UNKNOWN,UNCERTAIN,MEDIUM,OK,LEGITIMATE,KEEP,327023,Moderate India relevance identified.
34493,[82],34493_Draw_Swords_In_the_Horse_Artillery.txt,Draw Swords! In the Horse Artillery,"Fenn, George Manville, 1831-1909; Groome, William H. C., 1860-1914 [Illustrator]",English,UNKNOWN,563220,563116,13313,ef1882b2ea304a608bb194f4921e73692b3572d348ca58445500713d4ed22a83,MEDIUM,E,UNKNOWN,UNCERTAIN,MEDIUM,OK,LEGITIMATE,KEEP,140779,Moderate India relevance identified.
34757,[29],34757_Mashi_and_Other_Stories.txt,"Mashi, and Other Stories","Tagore, Rabindranath, 1861-1941",English,UNKNOWN,228041,227912,4850,c8d36a4d6301194a8eb1a353ab5adc25eec20b6a2e6b818f790fa29c2f666214,MEDIUM,E,UNKNOWN,UNCERTAIN,MEDIUM,OK,LEGITIMATE,KEEP,56978,Moderate India relevance identified.
36373,[83],36373_H_P_Blavatsky_A_Great_Betrayal.txt,H. P. Blavatsky; A Great Betrayal,"Cleather, Alice Leighton, 1854-1938",English,UNKNOWN,214618,214442,3814,b272ed05cccb409334882abcaebe395ee6e8b570762661c224bab29d6e9a0b35,MEDIUM,E,UNKNOWN,UNCERTAIN,MEDIUM,OK,LEGITIMATE,KEEP,53610,Moderate India relevance identified.
36545,[84],36545_In_the_Andamans_and_Nicobars_The_Narrative_of_a_Cruise_in_the_Schooner_Terrapin.txt,"In the Andamans and Nicobars: The Narrative of a Cruise in the Schooner ""Terrapin""","Kloss, C. Boden (Cecil Boden), 1877-",English,UNKNOWN,843085,842404,16893,30b147bf03e5c41aa654a024c87bc08d5a1a971a3c823a78e813684fd1e3abd6,NONE,E,UNKNOWN,UNCERTAIN,MEDIUM,OK,LEGITIMATE,REJECT,210601,No substantive India-related content detected in sample.
36696,[85],36696_Old_Deccan_Days_or_Hindoo_Fairy_Legends_Current_in_Southern_India.txt,"Old Deccan Days; or, Hindoo Fairy Legends Current in Southern India","Frere, Mary, 1845-1911 [Compiler]; Frere, Bartle, 1815-1884 [Contributor]",English,UNKNOWN,582771,582664,10357,9a6a359848b1c773cc0e511ec2139114c57a31b02b91e35c14b798ee25a422a1,LOW,E,UNKNOWN,UNCERTAIN,MEDIUM,OK,LEGITIMATE,REVIEW,145666,Passing reference to India found.
36703,[86],36703_A_Bayard_From_BengalBeing_some_account_of_the_Magnificent_and_Spanking_Career_of_Chunder_Bindabun_Bh.txt,"A Bayard From Bengal
Being some account of the Magnificent and Spanking Career of Chunder Bindabun Bhosh,...","Anstey, F., 1856-1934; Partridge, Bernard, 1861-1945 [Illustrator]",English,UNKNOWN,151370,151251,3288,88e8dcc32490deefdbffb7cdea6d6437d6270f55f0be24bbbe52d70ac34aceff,MEDIUM,E,UNKNOWN,UNCERTAIN,MEDIUM,OK,LEGITIMATE,KEEP,37812,Moderate India relevance identified.
36939,[87],36939_Free_Trade_with_IndiaAn_Enquiry_into_the_True_State_of_the_Question_at_Issue_Between_His_Majestys_Mi.txt,"Free Trade with India
An Enquiry into the True State of the Question at Issue Between His Majesty's Ministers, the Honorable the East India Company, and the Public at Large, on the Justice and Policy of a Free Trade to India","Common sense (Writer), active 1813",English,UNKNOWN,46284,46180,926,5bd80493d1a44a27a07b2221628c47aa9984898f31e3c590c8ad9305b541ec66,LOW,E,UNKNOWN,UNCERTAIN,MEDIUM,OK,LEGITIMATE,REVIEW,11545,Passing reference to India found.
37000,[88],37000_The_Proper_Limits_of_the_Governments_Interference_with_the_Affairs_of_the_EastIndia_CompanyAttempted.txt,"The Proper Limits of the Government's Interference with the Affairs of the East-India Company
Attempted to be Assigned with some few Reflections Extorted by, and on, the Distracted State of the Times","Stair, John Dalrymple, Earl of, 1720-1789",English,UNKNOWN,41274,41168,775,1e11549c96234adb4e90c310ba103a57c8e309de90528f290982ff96c7d6485f,LOW,E,UNKNOWN,UNCERTAIN,MEDIUM,OK,LEGITIMATE,REVIEW,10292,Passing reference to India found.
37048,[89],37048_A_Caution_to_the_Directors_of_the_EastIndia_CompanyWith_Regard_to_Their_Making_the_Midsummer_Dividen.txt,"A Caution to the Directors of the East-India Company
With Regard to Their Making the Midsummer Dividend of Five Per Cent. Without Due Attention to a Late Act of Parliament, and a By-law of Their Own",Anonymous,English,UNKNOWN,61427,61323,1102,6844715c1484f7711e6462b829679a376aa8011236da56f13b4fd1ecee9674a5,LOW,E,UNKNOWN,UNCERTAIN,MEDIUM,OK,LEGITIMATE,REVIEW,15330,Passing reference to India found.
37082,[90],37082_A_Short_View_of_the_Laws_Now_Subsisting_with_Respect_to_the_Powers_of_the_East_India_CompanyTo_Borro.txt,"A Short View of the Laws Now Subsisting with Respect to the Powers of the East India Company
To Borrow Money under their Seal, and to Incur Debts in the Course of their Trade, by the Purchase of Goods on Credit, and by Freighting Ships or other Mercantile Transactions","Pulteney, William, 1729-1805; Stewart, John, 1749-1822",English,UNKNOWN,57061,56944,1064,eab5c48a34db766c13f52184b3699eb20b229eca4bb9ed65dc06b3ddac057806,LOW,E,UNKNOWN,UNCERTAIN,MEDIUM,OK,LEGITIMATE,REVIEW,14236,Passing reference to India found.
37722,[91],37722_The_Hindoos_as_They_AreA_Description_of_the_Manners_Customs_and_the_Inner_Life_of_Hindoo_Society_in_.txt,"The Hindoos as They Are
A Description of the Manners, Customs and the Inner Life of Hindoo Society in Bengal",Sivachandra Vasu,English,UNKNOWN,665295,664836,10640,c083bc01dba0b9027235fcb98117ace42ab2ca152f1496ca38552fb8131ec9f9,MEDIUM,E,UNKNOWN,UNCERTAIN,MEDIUM,OK,LEGITIMATE,KEEP,166209,Moderate India relevance identified.
38488,[92],38488_FolkTales_of_Bengal.txt,Folk-Tales of Bengal,"Day, Lal Behari, 1826-1894; Goble, Warwick, 1862-1943 [Illustrator]",English,UNKNOWN,426229,426115,7114,bb050c97a53dfc42afece4cf4c2a3799d1ecf15cfd0e2752c87419b5df1eac9e,MEDIUM,E,UNKNOWN,UNCERTAIN,MEDIUM,OK,LEGITIMATE,KEEP,106528,Moderate India relevance identified.
38881,[93],38881_In_Kalis_Country_Tales_from_Sunny_India.txt,In Kali's Country: Tales from Sunny India,"Sheets, Emily Churchill Thompson, 1875-; Childs, Elma McNeal [Illustrator]",English,UNKNOWN,288963,288857,5799,32bc52f3c1d898f356e9690297b22c127680c4f0d89c09b02ef701dd53733a7c,LOW,E,UNKNOWN,UNCERTAIN,MEDIUM,OK,LEGITIMATE,REVIEW,72214,Passing reference to India found.
40162,[94],40162_The_Humour_and_Pathos_of_AngloIndian_LifeExtracts_from_his_brothers_notebook_made_by_Dr_Ticklemore.txt,"The Humour and Pathos of Anglo-Indian Life
Extracts from his brother's note-book, made by Dr. Ticklemore","Mayer, J. E.",English,UNKNOWN,534363,534222,8781,5886c9f779c57f2398f31e0f7432b3ed54e39cb3d1da7749a3e051776d1d8dcb,LOW,E,UNKNOWN,UNCERTAIN,MEDIUM,OK,LEGITIMATE,REVIEW,133555,Passing reference to India found.
40461,[30],40461_Indian_Home_Rule.txt,Indian Home Rule,"Gandhi, Mahatma, 1869-1948",English,UNKNOWN,189877,189773,3706,fa2a144d2bad65991b2a9feb773ff9ad1d9d4c130a7b94c7a30eb8042d19a2d0,MEDIUM,E,UNKNOWN,UNCERTAIN,MEDIUM,OK,LEGITIMATE,KEEP,47443,Moderate India relevance identified.
40517,[95],40517_A_Bottle_in_the_Smoke_A_Tale_of_AngloIndian_Life.txt,A Bottle in the Smoke: A Tale of Anglo-Indian Life,"Rae, Janet Milne, 1844-1933",English,UNKNOWN,609531,609395,11420,c682a0a68e27d08f8b89a6b81d7a93e513a3eea747c0da089cf7def748ea6854,LOW,E,UNKNOWN,UNCERTAIN,MEDIUM,OK,LEGITIMATE,REVIEW,152348,Passing reference to India found.
40920,[31],40920_Nationalismus.txt,Nationalismus,"Tagore, Rabindranath, 1861-1941; Meyer-Franck, Helene, 1873-1946 [Translator]",English,UNKNOWN,196725,193755,3223,8d22d7da327bf5295546669a02f81a286b1576d72774954c6f584cd750f47f47,MEDIUM,E,UNKNOWN,UNCERTAIN,MEDIUM,OK,LEGITIMATE,KEEP,48438,Moderate India relevance identified.
41190,[96],41190_Chronicles_of_Dustypore_A_Tale_of_Modern_AngloIndian_Society.txt,Chronicles of Dustypore: A Tale of Modern Anglo-Indian Society,"Cunningham, H. S. (Henry Stewart), Sir, 1832-1920",English,UNKNOWN,478588,478398,8744,4914ce36806b2da0f82a5949e0f6289ffb891cedeb76174066703c3df610e631,LOW,E,UNKNOWN,UNCERTAIN,MEDIUM,OK,LEGITIMATE,REVIEW,119599,Passing reference to India found.
41424,[69],41424_The_Tribes_and_Castes_of_the_Central_Provinces_of_India_Volume_3.txt,"The Tribes and Castes of the Central Provinces of India, Volume 3","Russell, R. V. (Robert Vane), 1873-1915",English,UNKNOWN,1345556,1345413,25098,b575f5b97f8a2ec3e6c7a9d285df360a767141d3f3d3f88101758674e495d642,LOW,E,UNKNOWN,UNCERTAIN,MEDIUM,OK,LEGITIMATE,REVIEW,336353,Passing reference to India found.
41954,[32],41954_The_Wheel_of_Fortune.txt,The Wheel of Fortune,"Gandhi, Mahatma, 1869-1948; Thakura, Dvijendranatha, 1840-1926 [Commentator]",English,UNKNOWN,169833,169724,3153,f0a734e0e81b700615e07ae0e0eac140421982fcc111fb86813f12c8c61d2e15,MEDIUM,E,UNKNOWN,UNCERTAIN,MEDIUM,OK,LEGITIMATE,KEEP,42431,Moderate India relevance identified.
42991,[98],42991_Castes_and_Tribes_of_Southern_India_Vol_1_of_7.txt,Castes and Tribes of Southern India. Vol. 1 of 7,"Thurston, Edgar, 1855-1935; Rangachari, K. [Contributor]",English,UNKNOWN,826753,826507,14328,75f419200130c377da5c8d23fca8e8333e8e75276bc81317457b3fc49c682269,MEDIUM,E,UNKNOWN,UNCERTAIN,MEDIUM,OK,LEGITIMATE,KEEP,206626,Moderate India relevance identified.
42992,[99],42992_Castes_and_Tribes_of_Southern_India_Vol_2_of_7.txt,Castes and Tribes of Southern India. Vol. 2 of 7,"Thurston, Edgar, 1855-1935; Rangachari, K. [Contributor]",English,UNKNOWN,915108,914831,15854,bcc34be0085e54901d390afd7428891946bb22aa18c2b60b9c0b7c773be2f6f2,MEDIUM,E,UNKNOWN,UNCERTAIN,MEDIUM,OK,LEGITIMATE,KEEP,228707,Moderate India relevance identified.
42993,[100],42993_Castes_and_Tribes_of_Southern_India_Vol_3_of_7.txt,Castes and Tribes of Southern India. Vol. 3 of 7,"Thurston, Edgar, 1855-1935; Rangachari, K. [Contributor]",English,UNKNOWN,923411,923254,15379,05221fe6ce8deae30e68de157b30fdd4dac1560c111fccc5c65d4da7556b404f,MEDIUM,E,UNKNOWN,UNCERTAIN,MEDIUM,OK,LEGITIMATE,KEEP,230813,Moderate India relevance identified.
42994,[101],42994_Castes_and_Tribes_of_Southern_India_Vol_4_of_7.txt,Castes and Tribes of Southern India. Vol. 4 of 7,"Thurston, Edgar, 1855-1935; Rangachari, K. [Contributor]",English,UNKNOWN,921314,921146,15236,8f3059bc06e9fa2870a3f5b6eaf1e7bec630107ed094142eb0605a683feb2099,MEDIUM,E,UNKNOWN,UNCERTAIN,MEDIUM,OK,LEGITIMATE,KEEP,230286,Moderate India relevance identified.
42995,[102],42995_Castes_and_Tribes_of_Southern_India_Vol_5_of_7.txt,Castes and Tribes of Southern India. Vol. 5 of 7,"Thurston, Edgar, 1855-1935; Rangachari, K. [Contributor]",English,UNKNOWN,893730,893559,14849,bdacf36f72106a57e35080dda81be3f7c75b3650438ebd4803913c790e0ba127,MEDIUM,E,UNKNOWN,UNCERTAIN,MEDIUM,OK,LEGITIMATE,KEEP,223389,Moderate India relevance identified.
42996,[103],42996_Castes_and_Tribes_of_Southern_India_Vol_6_of_7.txt,Castes and Tribes of Southern India. Vol. 6 of 7,"Thurston, Edgar, 1855-1935; Rangachari, K. [Contributor]",English,UNKNOWN,835833,835637,14078,2030927f0c8cef18200114090ef9b394b8c4f266bda6b402b08d2a16882c8542,MEDIUM,E,UNKNOWN,UNCERTAIN,MEDIUM,OK,LEGITIMATE,KEEP,208909,Moderate India relevance identified.
42997,[104],42997_Castes_and_Tribes_of_Southern_India_Vol_7_of_7.txt,Castes and Tribes of Southern India. Vol. 7 of 7,"Thurston, Edgar, 1855-1935; Rangachari, K. [Contributor]",English,UNKNOWN,803286,803126,13669,e8094d10ab2791fc0c687c4731213ee7bc61cbe1098a199d3631a36a0cb152f3,MEDIUM,E,UNKNOWN,UNCERTAIN,MEDIUM,OK,LEGITIMATE,KEEP,200781,Moderate India relevance identified.
44306,[105],44306_A_Noble_Queen_A_Romance_of_Indian_History_Volume_1_of_3.txt,A Noble Queen: A Romance of Indian History (Volume 1 of 3),"Taylor, Meadows, 1808-1876",English,UNKNOWN,430266,429817,7750,834c6f387ab1cd2bc4299c523f8c2cc2e284d584daaf3ffdb82e47644363af73,MEDIUM,E,UNKNOWN,UNCERTAIN,MEDIUM,OK,LEGITIMATE,KEEP,107454,Moderate India relevance identified.
44583,[106],44583_A_Noble_Queen_A_Romance_of_Indian_History_Volume_2_of_3.txt,A Noble Queen: A Romance of Indian History (Volume 2 of 3),"Taylor, Meadows, 1808-1876",English,UNKNOWN,417901,417318,7294,3f26998e50267cdba4f4eb3c102c8482eaa55f47ed8a38fbb37f9b29a3ec9d50,LOW,E,UNKNOWN,UNCERTAIN,MEDIUM,OK,LEGITIMATE,REVIEW,104329,Passing reference to India found.
44789,[107],44789_A_Noble_Queen_A_Romance_of_Indian_History_Volume_3_of_3.txt,A Noble Queen: A Romance of Indian History (Volume 3 of 3),"Taylor, Meadows, 1808-1876",English,UNKNOWN,424912,424479,7465,44370924db3c681bd42e6981d4d7002383227ee95da5f71954ea7850bfd6be1d,LOW,E,UNKNOWN,UNCERTAIN,MEDIUM,OK,LEGITIMATE,REVIEW,106119,Passing reference to India found.
45247,[33],45247_India_for_IndiansEnlarged_Edition.txt,"India for Indians
Enlarged Edition","Das, Chitta Ranjan, 1870-1925; Ghose, Moti Lal, 1847-1922 [Author of introduction, etc.]; Patrika, A. B. [Editor]",English,UNKNOWN,294276,294168,5158,e0558191cb3c9725feb59884715c8b184979dc7d35b9a89632381446de6deff5,MEDIUM,E,UNKNOWN,UNCERTAIN,MEDIUM,OK,LEGITIMATE,KEEP,73542,Moderate India relevance identified.
45430,[34],45430_Tara_A_Mahratta_Tale.txt,Tara: A Mahratta Tale,"Taylor, Meadows, 1808-1876",English,UNKNOWN,1491155,1490216,28091,81fa3506d4475463c2412b2e380e6f2d594aeb016e41cfee8b9371ddc2b649db,LOW,E,UNKNOWN,UNCERTAIN,MEDIUM,OK,LEGITIMATE,REVIEW,372554,Passing reference to India found.
46151,[108],46151_India_Under_British_Rule_from_the_Foundation_of_the_East_India_Company.txt,India Under British Rule from the Foundation of the East India Company,"Wheeler, James Talboys, 1824-1897",English,UNKNOWN,613673,613171,11881,5b4c62a861cc75b0e3ef503c8bd4f88f3af9cc28b69b80ac0ae6a6d880239007,HIGH,E,UNKNOWN,UNCERTAIN,MEDIUM,OK,LEGITIMATE,KEEP,153292,Strong India relevance verified with 6 keyword matches.
46803,[109],46803_Diary_of_Richard_Cocks_Volume_1CapeMerchant_in_the_English_Factory_in_Japan_16151622_with_Correspond.txt,"Diary of Richard Cocks, Volume 1
Cape-Merchant in the English Factory in Japan, 1615-1622, with Correspondence","Cocks, Richard, -1624; Thompson, Edward Maunde, Sir, 1840-1929 [Editor]",English,UNKNOWN,764029,763617,14805,6906a3693b2370b12c73d0e88a2ffb6cdc305e7bc212dcb32e643dfabf594da8,LOW,E,UNKNOWN,UNCERTAIN,MEDIUM,OK,LEGITIMATE,REVIEW,190904,Passing reference to India found.
47214,[35],47214_Buddhism_in_Its_Connexion_with_Brahmanism_and_Hinduism_and_in_Its_Contrast_with_Christianity.txt,"Buddhism, in Its Connexion with Brahmanism and Hinduism, and in Its Contrast with Christianity","Monier-Williams, Monier, Sir, 1819-1899",English,UNKNOWN,1022539,1006414,18143,d525b17cfbdc613763e32804952101dcedd497f9268e72fd6ba109e91ebd00f9,HIGH,E,UNKNOWN,UNCERTAIN,MEDIUM,OK,LEGITIMATE,KEEP,251603,Strong India relevance verified with 7 keyword matches.
48012,[110],48012_Diary_of_Richard_Cocks_Volume_2CapeMerchant_in_the_English_Factory_in_Japan_16151622_with_Correspond.txt,"Diary of Richard Cocks, Volume 2
Cape-Merchant in the English Factory in Japan, 1615-1622, with Correspondence","Cocks, Richard, -1624; Thompson, Edward Maunde, Sir, 1840-1929 [Editor]",English,UNKNOWN,743547,743422,16004,6f412d61cf654aa3c7df3f17ba6bb944d05a668309234b1837effa75bc9af6c2,NONE,E,UNKNOWN,UNCERTAIN,MEDIUM,OK,LEGITIMATE,REJECT,185855,No substantive India-related content detected in sample.
49835,[111],49835_The_Letters_of_Gracchus_on_the_East_India_Question.txt,The Letters of Gracchus on the East India Question,"Miles, William Augustus, 1753?-1817",English,UNKNOWN,160506,160396,2755,90e24fa9a7510aa95a40e8c4af4f690230b4199eec5a9a5d06c9d5e542060317,LOW,E,UNKNOWN,UNCERTAIN,MEDIUM,OK,LEGITIMATE,REVIEW,40099,Passing reference to India found.
51472,[112],51472_The_East_India_VadeMecum_Volume_2_of_2or_complete_guide_to_gentlemen_intended_for_the_civil_military.txt,"The East India Vade-Mecum, Volume 2 (of 2)
or, complete guide to gentlemen intended for the civil, military, or naval service of the East India Company.","Williamson, Thomas, 1759?-1817",English,UNKNOWN,760221,758178,12423,6fe88dfa7425320f89e44c19d2e7985d646e2eb4d2c48f8d9f353a3469dc07ea,MEDIUM,E,UNKNOWN,UNCERTAIN,MEDIUM,OK,LEGITIMATE,KEEP,189544,Moderate India relevance identified.
52518,[113],52518_Memoirs_of_the_Revolution_in_Bengal_Anno_Dom_1757.txt,"Memoirs of the Revolution in Bengal, Anno Dom. 1757","Watts, William, active 1737-1758",English,UNKNOWN,174421,174306,2818,087080e44c071d4285323c94f0f3abf10da285ba250703371d2f83f4a3bca3a4,MEDIUM,E,UNKNOWN,UNCERTAIN,MEDIUM,OK,LEGITIMATE,KEEP,43576,Moderate India relevance identified.
52643,[36],52643_Das_Heim_und_die_Welt.txt,Das Heim und die Welt,"Tagore, Rabindranath, 1861-1941; Meyer-Franck, Helene, 1873-1946 [Translator]",English,UNKNOWN,456333,446847,8992,b39426d39b1d0e7150b4a6d7ec5395b543edf6281af445e31c1359c1b09f0c95,NONE,E,UNKNOWN,UNCERTAIN,MEDIUM,OK,LEGITIMATE,REJECT,111711,No substantive India-related content detected in sample.
52739,[114],52739_Observations_on_the_Disturbances_in_the_Madras_Army_in_1809.txt,Observations on the Disturbances in the Madras Army in 1809,"Malcolm, John, 1769-1833",English,UNKNOWN,463105,463001,7958,ec0f8d98d940b83b26ddc2d73f6296bc5a714056525e365735b4c239aae0ba3a,MEDIUM,E,UNKNOWN,UNCERTAIN,MEDIUM,OK,LEGITIMATE,KEEP,115750,Moderate India relevance identified.
53400,[115],53400_The_East_India_VadeMecum_Volume_1_of_2or_complete_guide_to_gentlemen_intended_for_the_civil_military.txt,"The East India Vade-Mecum, Volume 1 (of 2)
or, complete guide to gentlemen intended for the civil, military, or naval service of the East India Company.","Williamson, Thomas, 1759?-1817",English,UNKNOWN,763396,761250,12417,e740207373c9cc94dd642d10a3f179907a54b4622db96c9789f40e142fe518e3,MEDIUM,E,UNKNOWN,UNCERTAIN,MEDIUM,OK,LEGITIMATE,KEEP,190312,Moderate India relevance identified.
53670,[116],53670_A_Sketch_of_Assam_With_some_account_of_the_Hill_Tribes.txt,A Sketch of Assam: With some account of the Hill Tribes,"Butler, John, Major",English,UNKNOWN,316458,316347,5396,7b60e6d5f5ea9bfb3a49d915aa958094818e2ee3678efa80213517c0dc6857af,MEDIUM,E,UNKNOWN,UNCERTAIN,MEDIUM,OK,LEGITIMATE,KEEP,79086,Moderate India relevance identified.
53717,[117],53717_Through_the_Sikh_War_A_Tale_of_the_Conquest_of_the_Punjaub.txt,Through the Sikh War: A Tale of the Conquest of the Punjaub,"Henty, G. A. (George Alfred), 1832-1902; Hurst, Hal, 1865-1938 [Illustrator]",English,UNKNOWN,744142,744038,13146,aa8f7504e839f73d9d1eba72fa14bac50dcbfc3ac3028739a119a39cfadce188,LOW,E,UNKNOWN,UNCERTAIN,MEDIUM,OK,LEGITIMATE,REVIEW,186009,Passing reference to India found.
54027,[118],54027_Nil_Darpan_or_The_Indigo_Planting_Mirror_A_DramaTranslated_from_the_Bengali_by_a_Native.txt,"Nil Darpan; or, The Indigo Planting Mirror, A Drama.
Translated from the Bengali by a Native.","Mitra, Dinabandhu, 1829-1874; Dutt, Michael Madhusudan, 1824-1873 [Translator]",English,UNKNOWN,226001,225096,4794,2a4a381ef4353c1178c9cb5d100638b8c7338119db810478e6c5400d4f9e8fa4,MEDIUM,E,UNKNOWN,UNCERTAIN,MEDIUM,OK,LEGITIMATE,KEEP,56274,Moderate India relevance identified.
54561,[119],54561_The_Old_East_Indiamen.txt,The Old East Indiamen,"Chatterton, E. Keble (Edward Keble), 1878-1944",English,UNKNOWN,590536,586334,9691,3fa2cc82cb7155a7e233862470dd160847ad9c2c0d34ec2d1ed3ea396e0f8a78,MEDIUM,E,UNKNOWN,UNCERTAIN,MEDIUM,OK,LEGITIMATE,KEEP,146583,Moderate India relevance identified.
54652,[120],54652_History_of_GujartGazetteer_of_the_Bombay_Presidency_Volume_I_Part_I.txt,"History of Gujarát
Gazetteer of the Bombay Presidency, Volume I, Part I.","Campbell, James M., 1846-1903",English,UNKNOWN,2035654,2000357,34400,80a075d295ade1e445d043fbbbe417fbf5e98fc9929819d10ed73b8136216563,LOW,E,UNKNOWN,UNCERTAIN,MEDIUM,OK,LEGITIMATE,REVIEW,500089,Passing reference to India found.
55465,[121],55465_The_Peoples_of_India.txt,The Peoples of India,"Anderson, J. D. (James Drummond), 1852-1920",English,UNKNOWN,198065,197343,3647,f558ea32387f42debeb27ee3bbcd719b2dad2743f9ae387c80051d12bdb35450,MEDIUM,E,UNKNOWN,UNCERTAIN,MEDIUM,OK,LEGITIMATE,KEEP,49335,Moderate India relevance identified.
55844,[122],55844_Military_Service_and_Adventures_in_the_Far_East_Vol_1_of_2Including_Sketches_of_the_Campaigns_Agains.txt,"Military Service and Adventures in the Far East: Vol. 1 (of 2)
Including Sketches of the Campaigns Against the Afghans in 1839, and the Sikhs in 1845-6.","MacKinnon, Daniel Henry, 1813-1884",English,UNKNOWN,389952,389789,6978,7d751e284e8831e56deef015dc6247033d8c5916ede5b0ae1e9b25d809d56364,LOW,E,UNKNOWN,UNCERTAIN,MEDIUM,OK,LEGITIMATE,REVIEW,97447,Passing reference to India found.
57265,[37],57265_The_Rmyana_Volume_1_Blakndam_and_Ayodhykndam.txt,"The Rāmāyana, Volume 1. Bālakāndam and Ayodhyākāndam","Valmiki; Dutt, Manmatha Nath, 1855-1912 [Translator]",English,UNKNOWN,1021947,1021819,16192,7d3b9e1613d60dfacea39f2564243e943cf38703eadb7245d92337b238082034,MEDIUM,E,UNKNOWN,UNCERTAIN,MEDIUM,OK,LEGITIMATE,KEEP,255454,Moderate India relevance identified.
57350,[123],57350_Military_Service_and_Adventures_in_the_Far_East_Vol_2_of_2Including_Sketches_of_the_Campaigns_Agains.txt,"Military Service and Adventures in the Far East: Vol. 2 (of 2)
Including Sketches of the Campaigns Against the Afghans in 1839, and the Sikhs in 1845-6.","MacKinnon, Daniel Henry, 1813-1884",English,UNKNOWN,349160,348956,6381,277f089ae4a2c866ecf08e67fcd2955b729d3e0511e2f00f78affbf3269e45f2,MEDIUM,E,UNKNOWN,UNCERTAIN,MEDIUM,OK,LEGITIMATE,KEEP,87239,Moderate India relevance identified.
57826,[38],57826_The_Rmyana_Volume_2_ranya_Kishkindh_and_Sundara_Kndam.txt,"The Rāmāyana, Volume 2. Āranya, Kishkindhā, and Sundara Kāndam","Valmiki; Dutt, Manmatha Nath, 1855-1912 [Translator]",English,UNKNOWN,1177505,1177381,18658,c3ef74a07ef0cf016eb0428deb76d6036d13be343c65225946471113a2da475b,MEDIUM,E,UNKNOWN,UNCERTAIN,MEDIUM,OK,LEGITIMATE,KEEP,294345,Moderate India relevance identified.
57987,[124],57987_The_Present_State_of_the_British_Interest_in_IndiaWith_a_Plan_for_Establishing_a_Regular_System_of_G.txt,"The Present State of the British Interest in India
With a Plan for Establishing a Regular System of Government in That Country",Anonymous,English,UNKNOWN,224553,224177,3577,e44bfbbda26696c643fcd7ec6672f02762c2f5cbedd214a9443e6b12d40bc055,LOW,E,UNKNOWN,UNCERTAIN,MEDIUM,OK,LEGITIMATE,REVIEW,56044,Passing reference to India found.
58344,[39],58344_Siddhartha_A_Poem_of_India.txt,Siddhartha: A Poem of India,"Hesse, Hermann, 1877-1962; Wyllie, David (Translator) [Translator]",English,UNKNOWN,261211,259253,4540,e966b4a44ffc3693a578ba52176cf29ed52bfaadc4a8bd007b776e12294b1391,MEDIUM,E,UNKNOWN,UNCERTAIN,MEDIUM,OK,LEGITIMATE,KEEP,64813,Moderate India relevance identified.
58529,[125],58529_HobsonJobsonA_Glossary_of_Colloquial_AngloIndian_Words_and_Phrases_and_of_Kindred_Terms_Etymological.txt,"Hobson-Jobson
A Glossary of Colloquial Anglo-Indian Words and Phrases, and of Kindred Terms, Etymological, Historical, Geographical and Discursive","Yule, Henry, Sir, 1820-1889; Burnell, A. C. (Arthur Coke), 1840-1882; Crooke, William, 1848-1923 [Editor]",English,UNKNOWN,5333624,5252157,113219,1bc61d96f931f18fe9c896902364fe76e072c3000943157d4651e9d5d1e80c55,LOW,E,UNKNOWN,UNCERTAIN,MEDIUM,OK,LEGITIMATE,REVIEW,1313039,Passing reference to India found.
59333,[126],59333_Harolds_Bride_A_Tale.txt,Harold's Bride: A Tale,"A. L. O. E., 1821-1893",English,UNKNOWN,324538,318007,6348,88f02d975189c2dede28bfaefa2de655633bbbe777ca826de9f646b8d3aaade4,LOW,E,UNKNOWN,UNCERTAIN,MEDIUM,OK,LEGITIMATE,REVIEW,79501,Passing reference to India found.
59389,[40],59389_Ahnaat_paadet_ynn_muita_kertomuksia.txt,Ahnaat paadet ynnä muita kertomuksia,"Tagore, Rabindranath, 1861-1941; Hollo, J. A. (Juho Aukusti), 1885-1967 [Translator]",English,UNKNOWN,316795,302636,5981,815e295562993a85e743a7fd20f101e15f15eff498a2cb724d6712921d03296c,MEDIUM,E,UNKNOWN,UNCERTAIN,MEDIUM,OK,LEGITIMATE,KEEP,75659,Moderate India relevance identified.
59401,[127],59401_Oral_Tradition_from_the_IndusComprised_in_Tales_to_Which_Are_Added_Explanatory_Notes.txt,"Oral Tradition from the Indus
Comprised in Tales to Which Are Added Explanatory Notes","McNair, John Frederick Adolphus, 1828-1910; Barlow, Thomas Lambert, 1831-1910; Fenn, L. [Illustrator]",English,UNKNOWN,270665,265248,5361,513f9f408a5876f838fd4eda3e5c8f9172037b5189fd42c467bcbac073315224,LOW,E,UNKNOWN,UNCERTAIN,MEDIUM,OK,LEGITIMATE,REVIEW,66312,Passing reference to India found.
59471,[41],59471_Haaksirikko.txt,Haaksirikko,"Tagore, Rabindranath, 1861-1941; Hollo, J. A. (Juho Aukusti), 1885-1967 [Translator]",English,UNKNOWN,613968,584076,12312,490fc5af66d37bbfac3dfbcd5cb106c12676da20455eefe84c70aa5992dc4376,MEDIUM,E,UNKNOWN,UNCERTAIN,MEDIUM,OK,LEGITIMATE,KEEP,146019,Moderate India relevance identified.
59595,[128],59595_Memoir_of_the_Services_of_the_Bengal_ArtilleryFrom_the_Formation_of_the_Corps_to_the_Present_Time_wi.txt,"Memoir of the Services of the Bengal Artillery
From the Formation of the Corps to the Present Time, with Some Account of Its Internal Organization","Buckle, E. (Edmond), 1808-1846; Kaye, John William, Sir, 1814-1876 [Editor]",English,UNKNOWN,895138,821963,15306,3373869bca900b57323747eb9824ed7965bc205299742b9b6268265a8cc69b18,MEDIUM,E,UNKNOWN,UNCERTAIN,MEDIUM,OK,LEGITIMATE,KEEP,205490,Moderate India relevance identified.
5972,[54],5972_A_Fascinating_Traitor_An_AngloIndian_Story.txt,A Fascinating Traitor: An Anglo-Indian Story,"Savage, Richard, 1846-1903",English,UNKNOWN,732808,717866,12812,e35579c8517c89617f127bb86749485b5ad5b2dc408ffdad75180b4979cdddbc,MEDIUM,E,UNKNOWN,UNCERTAIN,MEDIUM,OK,LEGITIMATE,KEEP,179466,Moderate India relevance identified.
60188,[42],60188_The_Rmyana_Volume_3_Yuddhakndam.txt,"The Rāmāyana, Volume 3. Yuddhakāndam","Valmiki; Dutt, Manmatha Nath, 1855-1912 [Translator]",English,UNKNOWN,882581,882465,14128,8d1b8901823f5b5bd8b3207370991ddf95e5c76cb30ad5271aef835c9708464b,MEDIUM,E,UNKNOWN,UNCERTAIN,MEDIUM,OK,LEGITIMATE,KEEP,220616,Moderate India relevance identified.
6145,[55],6145_Tales_of_the_Punjab_Folklore_of_India.txt,Tales of the Punjab: Folklore of India,"Steel, Flora Annie Webster, 1847-1929; Temple, Richard Carnac, Sir, 1850-1931 [Commentator]",English,UNKNOWN,473399,471321,10349,6f1e7eacb1aef6e776215a2dea11471a4f9b73306b29a34d333746337132520e,MEDIUM,E,UNKNOWN,UNCERTAIN,MEDIUM,OK,LEGITIMATE,KEEP,117830,Moderate India relevance identified.
61834,[129],61834_The_City_of_Dreadful_Night.txt,The City of Dreadful Night,"Kipling, Rudyard, 1865-1936; Farrand, Charles D., 1865- [Illustrator]",English,UNKNOWN,129480,127806,2176,9fe63ab875040e83c5f0e554c9a72d413f1bb64908749a856f7d12e49475b450,MEDIUM,E,UNKNOWN,UNCERTAIN,MEDIUM,OK,LEGITIMATE,KEEP,31951,Moderate India relevance identified.
62496,[43],62496_The_Rmyana_Volume_4_Uttara_Knda.txt,"The Rāmāyana, Volume 4. Uttara Kānda","Valmiki; Dutt, Manmatha Nath, 1855-1912 [Translator]",English,UNKNOWN,573393,565464,9041,076d03a68387f8ccd43b0cc211829f017ef120746d7b0f68a401f1c6fb4b221d,MEDIUM,E,UNKNOWN,UNCERTAIN,MEDIUM,OK,LEGITIMATE,KEEP,141366,Moderate India relevance identified.
62798,[130],62798_The_Bombay_City_Police_A_Historical_Sketch_16721916.txt,"The Bombay City Police: A Historical Sketch, 1672-1916","Edwardes, S. M. (Stephen Meredyth), 1873-1927",English,UNKNOWN,483129,481034,8383,335cfe36cdaa325d45f59d2c75fb43640cfe4c63358d3d9fa869a332e39bf092,MEDIUM,E,UNKNOWN,UNCERTAIN,MEDIUM,OK,LEGITIMATE,KEEP,120258,Moderate India relevance identified.
63132,[44],63132_The_Problem_of_the_Rupee_Its_Origin_and_Its_Solution.txt,"The Problem of the Rupee, Its Origin and Its Solution","Ambedkar, B. R. (Bhimrao Ramji), 1891-1956",English,UNKNOWN,1025446,854576,14201,56bf279c21d18b8bfd534ccfe2d3bf89d675b60ce24f3107275acd1a6accfa3c,LOW,E,UNKNOWN,UNCERTAIN,MEDIUM,OK,LEGITIMATE,REVIEW,213644,Passing reference to India found.
63231,[45],63231_Castes_In_India.txt,Castes In India,"Ambedkar, B. R. (Bhimrao Ramji), 1891-1956",English,UNKNOWN,76572,76235,1302,d3937d8ce381002f40a9ff0c6f59075966562dec1b1dd5b93a995e598ba6edfa,MEDIUM,E,UNKNOWN,UNCERTAIN,MEDIUM,OK,LEGITIMATE,KEEP,19058,Moderate India relevance identified.
64535,[46],64535_A_Record_of_Buddhistic_KingdomsBeing_an_account_by_the_Chinese_monk_Fhien_of_his_travels_in_India_an.txt,"A Record of Buddhistic Kingdoms
Being an account by the Chinese monk Fâ-hien of his travels in India and Ceylon (A.D. 399-414) in search of the Buddhist books of discipline","Faxian, 337?-422?; Legge, James, 1815-1897 [Translator]",English,UNKNOWN,409167,366961,7921,ee0248df67a9c4f3ef4c4855bbf130ac275179b656e52e7c0c795cf9649c39e8,LOW,E,UNKNOWN,UNCERTAIN,MEDIUM,OK,LEGITIMATE,REVIEW,91740,Passing reference to India found.
64952,[131],64952_La_cit_de_lpouvantable_nuit.txt,La cité de l'épouvantable nuit,"Kipling, Rudyard, 1865-1936; Savine, Albert, 1859-1927 [Translator]",English,UNKNOWN,346746,332518,8138,8148686ed99992ed00df9cb66b2ac446d9f4691b38308bcda8beec131e37f4f8,MEDIUM,E,UNKNOWN,UNCERTAIN,MEDIUM,OK,LEGITIMATE,KEEP,83129,Moderate India relevance identified.
66471,[132],66471_Like_Another_Helen.txt,Like Another Helen,"Grier, Sydney C., 1868-1933",English,UNKNOWN,1076771,1058701,19568,2830d75efeb9b363c76e0ada5d478f92be3a92219d6979851a42521c2d9d940b,MEDIUM,E,UNKNOWN,UNCERTAIN,MEDIUM,OK,LEGITIMATE,KEEP,264675,Moderate India relevance identified.
67691,[133],67691_PharmacographiaA_history_of_the_principal_drugs_of_vegetable_origin_met_with_in_Great_Britain_and_Br.txt,"Pharmacographia
A history of the principal drugs of vegetable origin, met with in Great Britain and British India","Flückiger, Friedrich A. (Friedrich August), 1828-1894; Hanbury, Daniel, 1825-1875",English,UNKNOWN,2740808,2713518,53905,a59cc17b0f46106743a7ebde0b24154a717b98c02dc02afaab98dd3628ccbb0a,LOW,E,UNKNOWN,UNCERTAIN,MEDIUM,OK,LEGITIMATE,REVIEW,678379,Passing reference to India found.
68330,[134],68330_The_Great_White_Hand_Or_the_Tiger_of_Cawnpore_A_story_of_the_Indian_Mutiny.txt,"The Great White Hand; Or, the Tiger of Cawnpore: A story of the Indian Mutiny","Muddock, J. E. (Joyce Emmerson), 1843-1934",English,UNKNOWN,568051,560547,11408,67f1b741308348ffcb2d08f0e7d4cbf60755baade969baea237ecae2d61b13a8,MEDIUM,E,UNKNOWN,UNCERTAIN,MEDIUM,OK,LEGITIMATE,KEEP,140136,Moderate India relevance identified.
69383,[135],69383_In_Old_Madras.txt,In Old Madras,"Croker, B. M. (Bithia Mary), 1849?-1920",English,UNKNOWN,550771,550606,11341,0c1d203a71a3cd6b6d53c752f3545dea8d0cdb34a1d91c967174c083413743ca,MEDIUM,E,UNKNOWN,UNCERTAIN,MEDIUM,OK,LEGITIMATE,KEEP,137651,Moderate India relevance identified.
70025,[47],70025_Gora_I.txt,Gora I,"Tagore, Rabindranath, 1861-1941; Hollo, J. A. (Juho Aukusti), 1885-1967 [Translator]",English,UNKNOWN,548824,518955,10238,932249462149e77fd3ac86fd4394449939e4db12df000999448035969cf6d2eb,NONE,E,UNKNOWN,UNCERTAIN,MEDIUM,OK,LEGITIMATE,REJECT,129738,No substantive India-related content detected in sample.
70057,[48],70057_Koti_ja_maailma.txt,Koti ja maailma,"Tagore, Rabindranath, 1861-1941; Hollo, J. A. (Juho Aukusti), 1885-1967 [Translator]",English,UNKNOWN,436529,413897,8430,f83128345b736a6f37059aea5a5f7d04a951624bf7983acee482a89aca1a9c43,MEDIUM,E,UNKNOWN,UNCERTAIN,MEDIUM,OK,LEGITIMATE,KEEP,103474,Moderate India relevance identified.
70177,[49],70177_Gora_II.txt,Gora II,"Tagore, Rabindranath, 1861-1941; Hollo, J. A. (Juho Aukusti), 1885-1967 [Translator]",English,UNKNOWN,534308,504197,9918,9d6d601e137c7ceb0996b9627a1323646224d51226b6bd144889a23c13d66ea7,NONE,E,UNKNOWN,UNCERTAIN,MEDIUM,OK,LEGITIMATE,REJECT,126049,No substantive India-related content detected in sample.
70300,[136],70300_Legendary__romantic_tales_of_Indian_history.txt,Legendary & romantic tales of Indian history,"Caunter, Hobart, 1794-1851",English,UNKNOWN,1131359,1123619,20477,25fc993242973eb5d25900d130451fc7b21f5535db919fc2e8fd53e65d8f902d,LOW,E,UNKNOWN,UNCERTAIN,MEDIUM,OK,LEGITIMATE,REVIEW,280904,Passing reference to India found.
7166,[8],7166_The_Home_and_the_World.txt,The Home and the World,"Tagore, Rabindranath, 1861-1941; Tagore, Surendranath, 1872-1940 [Translator]",English,UNKNOWN,396398,396289,8699,21fb3a8b6e600fb4ce9c50d5c00eee9e8669c0f7f2c151a12a838e020c7874c1,MEDIUM,E,UNKNOWN,UNCERTAIN,MEDIUM,OK,LEGITIMATE,KEEP,99072,Moderate India relevance identified.
72780,[50],72780_Cloomber_Hallin_salaisuus.txt,Cloomber Hallin salaisuus,"Doyle, Arthur Conan, 1859-1930",English,UNKNOWN,277164,263824,5347,578040f641615a9807ce30021d71f866305fc6979e35ba3e2af0e812ee1257d8,NONE,E,UNKNOWN,UNCERTAIN,MEDIUM,OK,LEGITIMATE,REJECT,65956,No substantive India-related content detected in sample.
73417,[51],73417_The_Great_Indian_Epics.txt,The Great Indian Epics,"Oman, John Campbell, 1841-1911 [Adapter]; Valmiki [Contributor]",English,UNKNOWN,484316,480990,8157,67bac9a657be686fd03bb42c88ff69bbe9faf6a18c0825ec7f0c0cd8e252e9c9,MEDIUM,E,UNKNOWN,UNCERTAIN,MEDIUM,OK,LEGITIMATE,KEEP,120247,Moderate India relevance identified.
73950,[137],73950_Schwartz_of_Tanjore.txt,Schwartz of Tanjore,"Page, Jesse",English,UNKNOWN,406111,403443,7063,cb1145318430991161999fb7511b5bbaeb8860b4ff9aff9240ff13fbd2dfa435,MEDIUM,E,UNKNOWN,UNCERTAIN,MEDIUM,OK,LEGITIMATE,KEEP,100860,Moderate India relevance identified.
74298,[138],74298_In_furthest_Ind.txt,In furthest Ind,"Grier, Sydney C., 1868-1933",English,UNKNOWN,694470,685619,12025,c12490428ee47cd624cde6c3d66c3aa1f4752ea74bab242154804dc71a58f4aa,LOW,E,UNKNOWN,UNCERTAIN,MEDIUM,OK,LEGITIMATE,REVIEW,171404,Passing reference to India found.
7452,[9],7452_Autobiography_of_a_Yogi.txt,Autobiography of a Yogi,"Yogananda, Paramahansa, 1893-1952",English,UNKNOWN,983099,968267,20104,1299580d5017a3b63194d739394ffec7a63145e6789c04cfc95be3241a0d7d79,HIGH,E,UNKNOWN,UNCERTAIN,MEDIUM,OK,LEGITIMATE,KEEP,242066,Strong India relevance verified with 7 keyword matches.
74664,[139],74664_A_brief_history_of_the_3rd_Battalion_1st_Punjab_Regiment.txt,"A brief history of the 3rd Battalion, 1st Punjab Regiment",Anonymous,English,UNKNOWN,110905,110321,2449,15f3f46da13dd01af4857b1657427c5e95f481dc655299d08919584a2a06278d,MEDIUM,E,UNKNOWN,UNCERTAIN,MEDIUM,OK,LEGITIMATE,KEEP,27580,Moderate India relevance identified.
75863,[140],75863_Memoirs_of_the_Right_Rev_Daniel_Corrie_LLD_first_Bishop_of_Madras.txt,"Memoirs of the Right Rev. Daniel Corrie, LL.D., first Bishop of Madras","Corrie, Daniel, 1777-1837; Corrie, George Elwes, 1793-1885 [Editor]; Corrie, Richard [Editor]",English,UNKNOWN,1256118,1248045,22492,dd62f3240c92613f8afa6751ecbefe45906013b586e24884567428c6e63b32fc,MEDIUM,E,UNKNOWN,UNCERTAIN,MEDIUM,OK,LEGITIMATE,KEEP,312011,Moderate India relevance identified.
76145,[52],76145_La_jeune_Inde.txt,La jeune Inde,"Gandhi, Mahatma, 1869-1948; Rolland, Romain, 1866-1944 [Author of introduction, etc.]; Hart, Hélène [Translator]",English,UNKNOWN,676293,659401,11874,db9ae2f3c0f36fc98dee6a210d9d44cd82116deefda0c65bb783955d7a277a5a,LOW,E,UNKNOWN,UNCERTAIN,MEDIUM,OK,LEGITIMATE,REVIEW,164850,Passing reference to India found.
7951,[10],7951_Glimpses_of_BengalSelected_from_the_letters_of_Sir_Rabindranath_Tagore_1885_to_1895.txt,"Glimpses of Bengal
Selected from the letters of Sir Rabindranath Tagore, 1885 to 1895","Tagore, Rabindranath, 1861-1941",English,UNKNOWN,159747,159640,3455,559aa6bafe2250411f9c7311643ed158dd2adeb54957cddb26a956a851865bda,MEDIUM,E,UNKNOWN,UNCERTAIN,MEDIUM,OK,LEGITIMATE,KEEP,39910,Moderate India relevance identified.
7964,[11],7964_The_mystery_of_Cloomber.txt,The mystery of Cloomber,"Doyle, Arthur Conan, 1859-1930",English,UNKNOWN,295128,291861,5799,2bc35d875b1ac0fe3c89f5528f7c96723283d208f7fe3a9b478bb19aef248fce,NONE,E,UNKNOWN,UNCERTAIN,MEDIUM,OK,LEGITIMATE,REJECT,72965,No substantive India-related content detected in sample.
8940,[56],8940_An_Essay_on_the_Evils_of_Popular_Ignorance.txt,An Essay on the Evils of Popular Ignorance,"Foster, John, 1770-1843",English,UNKNOWN,579253,579145,8710,cb930e3a23c6b07f261131a980e635c7d1509f91e4b7986461615fc1c225933d,NONE,E,UNKNOWN,UNCERTAIN,MEDIUM,OK,LEGITIMATE,REJECT,144786,No substantive India-related content detected in sample.
