source_id,title,author,category,rebalanced_tier
24461,Third class in Indian railways,"Gandhi, Mahatma, 1869-1948","Pamphlets; India -- History -- British occupation, 1765-1947",INDIA CORE
25965,"Indian Poetry
Containing ""The Indian Song of Songs,"" from the Sanskrit of the Gîta Govinda of Jayadeva, Two books from ""The Iliad Of India"" (Mahábhárata), ""Proverbial Wisdom"" from the Shlokas of the Hitopadesa, and other Oriental Poems.","Arnold, Edwin, Sir, 1832-1904",Sanskrit poetry -- Translations into English,INDIA CORE
40461,Indian Home Rule,"Gandhi, Mahatma, 1869-1948",India -- Politics and government -- 1919-1947; Nationalism -- India,INDIA CORE
75542,The coins of India,"Brown, C. J. (Cecil Jermyn), 1886-1945; Azariah, Vedanayagam Samuel, 1874-1945 [Editor]; Farquhar, J. N. (John Nicol), 1861-1929 [Editor]",Numismatics -- India,INDIA CORE
336,Indian Heroes and Great Chieftains,"Eastman, Charles A., 1858-1939",Heroes; Indians of North America -- Biography; Dakota Indians -- Biography,INDIA CONTEXT
337,Indian Boyhood,"Eastman, Charles A., 1858-1939","Indians of North America -- Biography; Indian children -- North America; Eastman, Charles Alexander, 1858-1939 -- Childhood and youth; Santee Indians -- Social life and customs; Santee Indians -- Biography",INDIA CONTEXT
338,Old Indian Legends,"Zitkala-Sa, 1876-1938",Dakota Indians -- Folklore,INDIA CONTEXT
339,Old Indian Days,"Eastman, Charles A., 1858-1939",Indians of North America -- Fiction; Dakota Indians -- Fiction,INDIA CONTEXT
340,The Soul of the Indian: An Interpretation,"Eastman, Charles A., 1858-1939",Indians of North America -- Religion; Indian mythology -- North America; Indian philosophy -- North America,INDIA CONTEXT
606,Indian Why Stories: Sparks from War Eagle's Lodge-Fire,"Linderman, Frank Bird, 1869-1938",Siksika Indians -- Folklore; Ojibwa Indians -- Folklore; Cree Indians -- Folklore; Tales -- Montana; Indian mythology -- Montana,INDIA CONTEXT
879,The Boy Captives: An Incident of the Indian War of 1695,"Whittier, John Greenleaf, 1807-1892",Indian captivities; Haverhill (Mass.) -- History,INDIA CONTEXT
938,Good Indian,"Bower, B. M., 1871-1940",Western stories; Ranch life -- Fiction; Idaho -- Fiction,INDIA CONTEXT
1838,"A New Voyage to Carolina
Containing the exact description and natural history of that country; together with the present state thereof; and a journal of a thousand miles, travel'd thro' several nations of Indians; giving a particular account of their customs, manners, etc.","Lawson, John, 1674-1711",Indians of North America -- North Carolina; Indians of North America -- North Carolina -- Early works to 1800; Natural history -- North Carolina -- Early works to 1800; North Carolina -- Description and travel -- Early works to 1800; South Carolina -- Description and travel -- Early works to 1800,INDIA CONTEXT
2124,"A Record of Buddhistic Kingdoms
Being an account by the Chinese monk Fa-hsien of travels in India and Ceylon (A.D. 399-414) in search of the Buddhist books of discipline","Faxian, 337?-422?; Legge, James, 1815-1897 [Translator]",Buddhist pilgrims and pilgrimages -- India -- Early works to 1800; Buddhism -- Early works to 1800; Asia -- Description and travel -- Early works to 1800,INDIA CONTEXT
2388,"The Song Celestial; Or, Bhagavad-Gîtâ (from the Mahâbhârata)
Being a discourse between Arjuna, Prince of India, and the Supreme Being under the form of Krishna","Arnold, Edwin, Sir, 1832-1904 [Translator]",Epic poetry; Sanskrit poetry -- Translations into English; Hinduism -- Sacred books,INDIA CONTEXT
2677,Epistles from Pap: Letters from the man known as 'The Will Rogers of Indiana',"Durham, Andrew Everett, 1882-1954; Durham, J. Frank, 1915-2011 [Compiler]; Hay, Douglas (Douglas N.) [Editor]","Durham, Andrew Everett, 1882-1954 -- Correspondence; Legislators -- Indiana -- Correspondence; Lobbyists -- Indiana -- Correspondence; Indiana -- Politics and government -- 20th century",INDIA CONTEXT
3310,A Forgotten Empire (Vijayanagar): A Contribution to the History of India,"Sewell, Robert, 1845-1925; Nunes, Fernão, active 16th century; Paes, Domingos, active 16th century",Vijayanagar (Empire) -- History,INDIA CONTEXT
4068,Froudacity; West Indian Fables by James Anthony Froude Explained by J. J. Thomas,"Thomas, J. J. (John Jacob), 1841?-1889","Froude, James Anthony, 1818-1894. English in the West Indies; West Indies -- Description and travel; West Indies, British -- Description and travel; Great Britain -- Colonies -- America -- Administration; Race relations",INDIA CONTEXT
4400,Hira Singh : when India came to fight in Flanders,"Mundy, Talbot, 1879-1940","World War, 1914-1918 -- Fiction",INDIA CONTEXT
5125,Last Poems: Translations from the Book of Indian Love,"Hope, Laurence, 1865-1904",English poetry; Love poetry; India -- Poetry,INDIA CONTEXT
5169,"Hardscrabble; or, the fall of Chicago: a tale of Indian warfare","Richardson, Major (John), 1796-1852",Indians of North America -- Fiction,INDIA CONTEXT
5337,"Thirty-One Years on the Plains and in the Mountains, Or, the Last Voice from the Plains
An Authentic Record of a Life Time of Hunting, Trapping, Scouting and Indian Fighting in the Far West","Drannan, William F., 1832-1913",Frontier and pioneer life -- West (U.S.); Indians of North America -- Wars,INDIA CONTEXT
5972,A Fascinating Traitor: An Anglo-Indian Story,"Savage, Richard, 1846-1903",India -- Fiction,INDIA CONTEXT
6145,Tales of the Punjab: Folklore of India,"Steel, Flora Annie Webster, 1847-1929; Temple, Richard Carnac, Sir, 1850-1931 [Commentator]",Folklore -- India; Panjabis (South Asian people) -- Folklore; Tales -- India -- Punjab,INDIA CONTEXT
6352,"Dora Deane; Or, The East India Uncle","Holmes, Mary Jane, 1825-1907",Orphans -- Fiction; Domestic fiction; Conduct of life -- Fiction; Uncles -- Fiction,INDIA CONTEXT
6462,An Introduction to the mortuary customs of the North American Indians,"Yarrow, H. C. (Harry Crécy), 1840-1929",Indians of North America -- Funeral customs and rites,INDIA CONTEXT
6581,A Treatise on the Six-Nation Indians,"Mackenzie, J. B., 1851-1919",Iroquois Indians -- History; Iroquois Indians -- Treaties; Iroquois Indians -- Social life and customs; Indians of North America -- Ontario,INDIA CONTEXT
6658,"Owindia : a true tale of the MacKenzie River Indians, North-West America","Bompas, Charlotte Selina, 1830-1917",Indians of North America -- Canada -- Fiction; Foundlings -- Fiction; Murder -- Fiction,INDIA CONTEXT
6848,"The Prince of India; Or, Why Constantinople Fell — Volume 01","Wallace, Lew, 1827-1905","Historical fiction; Fantasy fiction; War stories; Revenge -- Fiction; Sieges -- Fiction; Immortalism -- Fiction; Wandering Jew -- Fiction; Istanbul (Turkey) -- History -- Siege, 1453 -- Fiction",INDIA CONTEXT
6849,"The Prince of India; Or, Why Constantinople Fell — Volume 02","Wallace, Lew, 1827-1905","Historical fiction; Fantasy fiction; War stories; Revenge -- Fiction; Sieges -- Fiction; Immortalism -- Fiction; Wandering Jew -- Fiction; Istanbul (Turkey) -- History -- Siege, 1453 -- Fiction",INDIA CONTEXT
6857,Indian Games : an historical research,"Davis, Andrew McFarland, 1833-1920",Indians of North America -- Games; Dice,INDIA CONTEXT
6913,"Voyages of Peter Esprit Radisson
Being an Account of His Travels and Experiences Among the North American Indians, from 1652 to 1684","Radisson, Pierre Esprit, 1636?-1710","Indians of North America -- Canada; New France -- Discovery and exploration; Northwest, Canadian -- History; Hudson's Bay Company; Iroquois Indians",INDIA CONTEXT
6983,Missionary Work Among the Ojebway Indians,"Wilson, Edward Francis, 1844-1915",Ojibwa Indians; Indians of North America -- Missions,INDIA CONTEXT
6988,"History of the Ottawa and Chippewa Indians of Michigan
A Grammar of Their Language, and Personal and Family History of the Author","Blackbird, Andrew J., 1810-1908","Ottawa Indians -- Michigan; Ojibwa Indians -- Michigan; Ottawa language -- Grammar; Ojibwa language -- Grammar; Indians of North America -- Michigan; Blackbird, Andrew J., 1810-",INDIA CONTEXT
7021,Indian Frontier Policy; an historical sketch,"Adye, John, Sir, 1819-1900",Eastern question (Central Asia); Afghan Wars,INDIA CONTEXT
7071,In Times of Peril: A Tale of India,"Henty, G. A. (George Alfred), 1832-1902","India -- History -- Sepoy Rebellion, 1857-1858 -- Juvenile fiction",INDIA CONTEXT
7126,"The Treaties of Canada with the Indians of Manitoba and the North-West Territories
Including the Negotiations on Which They Were Based, and Other Information Relating Thereto","Morris, Alexander, 1826-1889","Indians of North America -- Canada -- Treaties; Indians of North America -- Legal status, laws, etc. -- Northwest, Canadian; Indians of North America -- Canada -- Government relations",INDIA CONTEXT
7128,Indian Fairy Tales,"Jacobs, Joseph, 1854-1916 [Compiler]; Batten, John Dickson, 1860-1932 [Illustrator]",Fairy tales; Fairy tales -- India; Folklore -- India,INDIA CONTEXT
7359,Indian Summer,"Howells, William Dean, 1837-1920",Love stories; Italy -- Fiction; Americans -- Italy -- Fiction; Middle-aged men -- Fiction; Midlife crisis -- Fiction,INDIA CONTEXT
7493,The Daughter of the Chieftain : the Story of an Indian Girl,"Ellis, Edward Sylvester, 1840-1916",Indians of North America -- Fiction; Delaware Indians -- Fiction; Indian women -- North America -- Fiction,INDIA CONTEXT
7857,The Way of an Indian,"Remington, Frederic, 1861-1909",Indians of North America -- Fiction,INDIA CONTEXT
7882,"The Life of Kit Carson: Hunter, Trapper, Guide, Indian Agent and Colonel U.S.A.","Ellis, Edward Sylvester, 1840-1916","Pioneers -- West (U.S.) -- Biography; West (U.S.) -- History -- To 1848; Carson Kit, 1809-1868; Scouting (Reconnaissance) -- West (U.S.) -- Biography; Soldiers -- West (U.S.) -- Biography",INDIA CONTEXT
7978,"Legends, Traditions, and Laws of the Iroquois, or Six Nations, and History of the Tuscarora Indians","Johnson, Elias",Iroquois Indians; Tuscarora Indians,INDIA CONTEXT
8197,India's Love Lyrics,"Hope, Laurence, 1865-1904",India -- Poetry,INDIA CONTEXT
8411,"Forest and Frontiers; Or, Adventures Among the Indians","Gordon-Cumming, Roualeyn, 1820-1866 [Contributor]",Indians of North America; Hunting,INDIA CONTEXT
8649,Indian Tales,"Kipling, Rudyard, 1865-1936","India -- Social life and customs -- Fiction; Short stories, English",INDIA CONTEXT
